ds,yhat,yhat_lower,yhat_upper,terminalid,terminal_name,location
2025-11-22,1196650.0077930419,1196649.9818997318,1196650.033686352,CDM12212121,Mbagathi,nairobi
2025-11-23,0.0,0.0,0.00044246791439091215,CDM12212121,Mbagathi,nairobi
2025-11-24,148250.01379984582,148249.98790653574,148250.0396931559,CDM12212121,Mbagathi,nairobi
2025-11-25,0.0,0.0,0.0,CDM12212121,Mbagathi,nairobi
2025-11-26,0.0,0.0,0.0,CDM12212121,Mbagathi,nairobi
2025-11-27,351335.52217450517,351335.4962811951,351335.54806781525,CDM12212121,Mbagathi,nairobi
2025-11-28,6320126.264220356,6320126.238327046,1344900.0,CDM12212121,Mbagathi,nairobi
2025-11-29,1804782.6339651041,1804782.608071794,1344900.0,CDM12212121,Mbagathi,nairobi
2025-11-30,608132.6001147465,608132.5742214364,608132.6260080566,CDM12212121,Mbagathi,nairobi
2025-12-01,756382.639362576,756382.6134692659,756382.665255886,CDM12212121,Mbagathi,nairobi
2025-12-02,0.0,0.0,0.0,CDM12212121,Mbagathi,nairobi
2025-12-03,0.0,0.0,0.0,CDM12212121,Mbagathi,nairobi
2025-12-04,959468.1477446333,959468.1218513232,959468.1736379433,CDM12212121,Mbagathi,nairobi
2025-11-22,2123050.00678312,2123049.9466286963,1973362.5,CDM221,CDM 22,nairobi
2025-11-23,261849.9086040249,261849.8484496012,261849.9687584486,CDM221,CDM 22,nairobi
2025-11-24,99999.92169917375,99999.86154475005,99999.98185359745,CDM221,CDM 22,nairobi
2025-11-25,146249.9773116298,146249.9171572061,146250.0374660535,CDM221,CDM 22,nairobi
2025-11-26,0.0,0.0,0.0,CDM221,CDM 22,nairobi
2025-11-27,0.0,0.0,0.0,CDM221,CDM 22,nairobi
2025-11-28,0.0,0.0,0.0,CDM221,CDM 22,nairobi
2025-11-29,0.0,0.0,0.0,CDM221,CDM 22,nairobi
2025-11-30,0.0,0.0,0.0,CDM221,CDM 22,nairobi
2025-12-01,0.0,0.0,0.0,CDM221,CDM 22,nairobi
2025-12-02,0.0,0.0,0.0,CDM221,CDM 22,nairobi
2025-12-03,0.0,0.0,0.0,CDM221,CDM 22,nairobi
2025-12-04,0.0,0.0,0.0,CDM221,CDM 22,nairobi
2025-12-05,0.0,0.0,0.0,CDM221,CDM 22,nairobi
2025-11-22,1367150.241475291,1367149.6489696903,1367150.8339808919,CDM527,Moyale,nairobi
2025-11-23,77650.54816086963,77649.95565526877,77651.14066647048,CDM527,Moyale,nairobi
2025-11-24,517549.6000956502,517549.00759004935,517550.192601251,CDM527,Moyale,nairobi
2025-11-25,26797550.064906877,26797549.472401276,1962350.0,CDM527,Moyale,nairobi
2025-11-26,0.0,0.0,0.0,CDM527,Moyale,nairobi
2025-11-27,0.0,0.0,0.0,CDM527,Moyale,nairobi
2025-11-28,24215962.615798093,24215962.023292493,1962350.0,CDM527,Moyale,nairobi
2025-11-29,6660382.602548428,6660382.010042827,1962350.0,CDM527,Moyale,nairobi
2025-11-30,5942990.546688402,5942989.954182801,1962350.0,CDM527,Moyale,nairobi
2025-12-01,6382889.598664986,6382889.006159385,1962350.0,CDM527,Moyale,nairobi
2025-12-02,32662890.063396983,32662889.470891383,1962350.0,CDM527,Moyale,nairobi
2025-12-03,0.0,0.0,0.0,CDM527,Moyale,nairobi
2025-12-04,0.0,0.0,0.0,CDM527,Moyale,nairobi
2025-11-22,1135349.9958195686,1135349.947361174,1135350.0442779632,CDM598,Busia,nairobi
2025-11-23,62650.064015769516,62650.01555737494,62650.11247416409,CDM598,Busia,nairobi
2025-11-26,70600.06467958284,70600.01622118826,70600.11313797742,CDM598,Busia,nairobi
2025-11-27,0.0,0.0,0.0,CDM598,Busia,nairobi
2025-11-28,13128779.375037553,13128779.32657916,1268600.0,CDM598,Busia,nairobi
2025-11-29,1771816.7490032432,1771816.7005448486,1268600.0,CDM598,Busia,nairobi
2025-11-30,699116.8152666533,699116.7668082587,699116.8637250479,CDM598,Busia,nairobi
2025-12-01,0.0,0.0,0.0,CDM598,Busia,nairobi
2025-12-02,0.0,0.0,0.0,CDM598,Busia,nairobi
2025-12-03,707066.8159006567,707066.7674422621,707066.8643590513,CDM598,Busia,nairobi
2025-12-04,0.0,0.0,0.0,CDM598,Busia,nairobi
2025-12-05,13765246.126231251,13765246.077772858,1268600.0,CDM598,Busia,nairobi
2025-12-06,2408283.5001839707,2408283.451725576,1268600.0,CDM598,Busia,nairobi
2025-10-02,90100.00010627927,90099.99215779672,90100.00805476183,CDMARTC001,ART CAFFE KILELESHWA,TOTAL KILELESHWA
2025-10-28,93199.99516271488,93199.98721423233,93200.00311119744,CDMARTC001,ART CAFFE KILELESHWA,TOTAL KILELESHWA
2025-10-29,40500.01145338932,40500.00350490676,40500.01940187188,CDMARTC001,ART CAFFE KILELESHWA,TOTAL KILELESHWA
2025-11-20,346949.9993720917,346949.99142360914,346950.0073205743,CDMARTC001,ART CAFFE KILELESHWA,TOTAL KILELESHWA
2025-11-21,221200.0061075328,221199.99815905024,221200.01405601535,CDMARTC001,ART CAFFE KILELESHWA,TOTAL KILELESHWA
2025-11-22,1432350.0008099577,1432349.992861475,960450.0,CDMARTC001,ART CAFFE KILELESHWA,TOTAL KILELESHWA
2025-11-23,16749.996074765673,16749.988126283115,16750.00402324823,CDMARTC001,ART CAFFE KILELESHWA,TOTAL KILELESHWA
2025-11-24,0.0,0.0,0.0,CDMARTC001,ART CAFFE KILELESHWA,TOTAL KILELESHWA
2025-11-25,239971.42498436308,239971.41703588053,239971.43293284564,CDMARTC001,ART CAFFE KILELESHWA,TOTAL KILELESHWA
2025-11-26,187271.4409584275,187271.43300994494,187271.44890691005,CDMARTC001,ART CAFFE KILELESHWA,TOTAL KILELESHWA
2025-11-27,383642.85428585374,383642.84633737116,383642.8622343363,CDMARTC001,ART CAFFE KILELESHWA,TOTAL KILELESHWA
2025-11-28,257892.8608639448,257892.85291546225,257892.86881242736,CDMARTC001,ART CAFFE KILELESHWA,TOTAL KILELESHWA
2025-11-29,1469042.8555675857,1469042.847619103,960450.0,CDMARTC001,ART CAFFE KILELESHWA,TOTAL KILELESHWA
2025-11-30,53442.85082824662,53442.84287976406,53442.85877672918,CDMARTC001,ART CAFFE KILELESHWA,TOTAL KILELESHWA
2025-12-01,0.0,0.0,0.0,CDMARTC001,ART CAFFE KILELESHWA,TOTAL KILELESHWA
2025-12-02,276664.2797448104,276664.27179632784,276664.287693293,CDMARTC001,ART CAFFE KILELESHWA,TOTAL KILELESHWA
2025-12-03,223964.295715959,223964.28776747643,223964.30366444154,CDMARTC001,ART CAFFE KILELESHWA,TOTAL KILELESHWA
2025-10-01,140202.52022307835,123284.95452861843,157120.08591753826,CDMARTC002,ART CAFFE RHAPTA ROAD,RHAPTA SQUARE
2025-10-02,111777.17987793604,94859.61418347612,128694.74557239596,CDMARTC002,ART CAFFE RHAPTA ROAD,RHAPTA SQUARE
2025-10-03,63479.941756866785,46562.37606240687,80397.5074513267,CDMARTC002,ART CAFFE RHAPTA ROAD,RHAPTA SQUARE
2025-10-28,135450.97776747518,118533.41207301526,152368.5434619351,CDMARTC002,ART CAFFE RHAPTA ROAD,RHAPTA SQUARE
2025-11-20,366912.666928938,349995.10123447806,383830.23262339795,CDMARTC002,ART CAFFE RHAPTA ROAD,RHAPTA SQUARE
2025-11-21,318615.42884899536,301697.8631545354,335532.9945434553,CDMARTC002,ART CAFFE RHAPTA ROAD,RHAPTA SQUARE
2025-11-22,216190.17259947868,199272.60690501877,233107.7382939386,CDMARTC002,ART CAFFE RHAPTA ROAD,RHAPTA SQUARE
2025-11-24,233838.5425924203,216920.97689796038,250756.10828688022,CDMARTC002,ART CAFFE RHAPTA ROAD,RHAPTA SQUARE
2025-11-25,281242.68503639934,264325.1193419394,298160.2507308593,CDMARTC002,ART CAFFE RHAPTA ROAD,RHAPTA SQUARE
2025-11-26,431785.93410708715,414868.3684126272,448703.4998015471,CDMARTC002,ART CAFFE RHAPTA ROAD,RHAPTA SQUARE
2025-11-27,403360.5938148303,386443.02812037035,420278.15950929024,CDMARTC002,ART CAFFE RHAPTA ROAD,RHAPTA SQUARE
2025-11-28,355063.35573433596,338145.790039876,371980.9214287959,CDMARTC002,ART CAFFE RHAPTA ROAD,RHAPTA SQUARE
2025-11-29,252638.09948495065,235720.53379049074,269555.6651794106,CDMARTC002,ART CAFFE RHAPTA ROAD,RHAPTA SQUARE
2025-11-30,286497.72650576953,269580.1608113096,303415.2922002295,CDMARTC002,ART CAFFE RHAPTA ROAD,RHAPTA SQUARE
2025-12-01,270286.46947785444,253368.90378339452,287204.0351723144,CDMARTC002,ART CAFFE RHAPTA ROAD,RHAPTA SQUARE
2025-12-02,317690.6119216524,300773.04622719245,334608.17761611234,CDMARTC002,ART CAFFE RHAPTA ROAD,RHAPTA SQUARE
2025-12-03,468233.86099256814,451316.2952981082,485151.4266870281,CDMARTC002,ART CAFFE RHAPTA ROAD,RHAPTA SQUARE
2025-12-04,439808.5207002024,422890.95500574243,456726.0863946623,CDMARTC002,ART CAFFE RHAPTA ROAD,RHAPTA SQUARE
2025-10-02,64800.0514462798,64799.99681053841,64800.10608202119,CDMARTC003,ART CAFFE WINDSOR,SHELL WINDSOR
2025-10-28,54699.981936407916,54699.927300666524,54700.03657214931,CDMARTC003,ART CAFFE WINDSOR,SHELL WINDSOR
2025-11-20,143950.0548210452,143950.0001853038,143950.1094567866,CDMARTC003,ART CAFFE WINDSOR,SHELL WINDSOR
2025-11-21,413900.0373984255,413899.9827626841,413900.0920341669,CDMARTC003,ART CAFFE WINDSOR,SHELL WINDSOR
2025-11-22,742550.0013796212,742549.9467438798,742550.0560153626,CDMARTC003,ART CAFFE WINDSOR,SHELL WINDSOR
2025-11-24,342299.95781404944,342299.90317830804,342300.01244979084,CDMARTC003,ART CAFFE WINDSOR,SHELL WINDSOR
2025-11-25,187258.31394886086,187258.25931311946,187258.36858460226,CDMARTC003,ART CAFFE WINDSOR,SHELL WINDSOR
2025-11-26,3932070.370047179,3932070.315411438,881100.0,CDMARTC003,ART CAFFE WINDSOR,SHELL WINDSOR
2025-11-27,98099.82879817003,98099.77416242864,98099.88343391141,CDMARTC003,ART CAFFE WINDSOR,SHELL WINDSOR
2025-11-28,358086.2900538566,358086.2354181152,358086.344689598,CDMARTC003,ART CAFFE WINDSOR,SHELL WINDSOR
2025-11-29,686736.2540308194,686736.199395078,686736.3086665608,CDMARTC003,ART CAFFE WINDSOR,SHELL WINDSOR
2025-11-30,0.0,0.0,0.0,CDMARTC003,ART CAFFE WINDSOR,SHELL WINDSOR
2025-12-01,286486.210463454,286486.1558277126,286486.2650991954,CDMARTC003,ART CAFFE WINDSOR,SHELL WINDSOR
2025-12-02,131444.5665989546,131444.5119632132,131444.621234696,CDMARTC003,ART CAFFE WINDSOR,SHELL WINDSOR
2025-12-03,3876256.622692762,3876256.5680570207,881100.0,CDMARTC003,ART CAFFE WINDSOR,SHELL WINDSOR
2025-12-04,42286.081437557645,42286.02680181625,42286.136073299036,CDMARTC003,ART CAFFE WINDSOR,SHELL WINDSOR
2025-10-02,30699.980747031805,30699.964958086508,30699.9965359771,CDMARTC004,ART CAFEE HURLINGHAM,HURLINGHAM
2025-10-28,33149.99763618235,33149.98184723705,33150.01342512765,CDMARTC004,ART CAFEE HURLINGHAM,HURLINGHAM
2025-10-29,12549.99016368948,12549.974374744184,12550.005952634774,CDMARTC004,ART CAFEE HURLINGHAM,HURLINGHAM
2025-11-20,60249.9848331727,60249.9690442274,60250.000622117994,CDMARTC004,ART CAFEE HURLINGHAM,HURLINGHAM
2025-11-21,66099.9833825558,66099.9675936105,66099.9991715011,CDMARTC004,ART CAFEE HURLINGHAM,HURLINGHAM
2025-11-22,985449.9939732833,985449.9781843381,985450.0097622286,CDMARTC004,ART CAFEE HURLINGHAM,HURLINGHAM
2025-11-23,2383850.0154868052,2383849.99969786,1414293.75,CDMARTC004,ART CAFEE HURLINGHAM,HURLINGHAM
2025-11-24,199399.98521360557,199399.9694246603,199400.00100255085,CDMARTC004,ART CAFEE HURLINGHAM,HURLINGHAM
2025-11-25,600311.8925127038,600311.8767237585,600311.908301649,CDMARTC004,ART CAFEE HURLINGHAM,HURLINGHAM
2025-11-26,754154.8679405495,754154.8521516043,754154.8837294948,CDMARTC004,ART CAFEE HURLINGHAM,HURLINGHAM
2025-11-27,1115518.1922920754,1115518.17650313,1115518.2080810207,CDMARTC004,ART CAFEE HURLINGHAM,HURLINGHAM
2025-11-28,1329511.676487315,1329511.6606983696,1329511.6922762603,CDMARTC004,ART CAFEE HURLINGHAM,HURLINGHAM
2025-11-29,2221555.866005528,2221555.8502165824,1414293.75,CDMARTC004,ART CAFEE HURLINGHAM,HURLINGHAM
2025-11-30,3619955.887522661,3619955.8717337158,1414293.75,CDMARTC004,ART CAFEE HURLINGHAM,HURLINGHAM
2025-12-01,1435505.8572498437,1435505.8414608983,1414293.75,CDMARTC004,ART CAFEE HURLINGHAM,HURLINGHAM
2025-12-02,1836417.7645477788,1836417.7487588334,1414293.75,CDMARTC004,ART CAFEE HURLINGHAM,HURLINGHAM
2025-12-03,1990260.7399788308,1990260.7241898854,1414293.75,CDMARTC004,ART CAFEE HURLINGHAM,HURLINGHAM
2025-12-04,2351624.064331649,2351624.0485427035,1414293.75,CDMARTC004,ART CAFEE HURLINGHAM,HURLINGHAM
2025-10-01,0.0,0.0,127971.04712144451,CDMARTC005,ART CAFFE  SAFARI CENTRE,NAIVASHA
2025-10-02,4931.550043534473,0.0,172641.6278125377,CDMARTC005,ART CAFFE  SAFARI CENTRE,NAIVASHA
2025-10-03,230673.042443136,62962.96467413276,398383.1202121392,CDMARTC005,ART CAFFE  SAFARI CENTRE,NAIVASHA
2025-10-28,70853.32409329838,0.0,238563.4018623016,CDMARTC005,ART CAFFE  SAFARI CENTRE,NAIVASHA
2025-10-29,103166.16599314498,0.0,270876.2437621482,CDMARTC005,ART CAFFE  SAFARI CENTRE,NAIVASHA
2025-11-20,255015.64551063543,87305.5677416322,422725.7232796387,CDMARTC005,ART CAFFE  SAFARI CENTRE,NAIVASHA
2025-11-21,480757.13801822986,313047.06024922663,506400.0,CDMARTC005,ART CAFFE  SAFARI CENTRE,NAIVASHA
2025-11-22,167454.22481734678,0.0,335164.30258635,CDMARTC005,ART CAFFE  SAFARI CENTRE,NAIVASHA
2025-11-26,246071.3643478859,78361.28657888266,413781.4421168891,CDMARTC005,ART CAFFE  SAFARI CENTRE,NAIVASHA
2025-11-27,290741.9449412714,123031.86717226816,458452.0227102746,CDMARTC005,ART CAFFE  SAFARI CENTRE,NAIVASHA
2025-11-28,516483.43729613407,348773.35952713084,506400.0,CDMARTC005,ART CAFFE  SAFARI CENTRE,NAIVASHA
2025-11-29,203180.52409587614,35470.446326872916,370890.60186487937,CDMARTC005,ART CAFFE  SAFARI CENTRE,NAIVASHA
2025-11-30,304455.78346494667,136745.70569594344,472165.8612339499,CDMARTC005,ART CAFFE  SAFARI CENTRE,NAIVASHA
2025-12-01,309559.53555712244,141849.4577881192,477269.61332612566,CDMARTC005,ART CAFFE  SAFARI CENTRE,NAIVASHA
2025-12-02,249484.82176757307,81774.74399856984,417194.8995365763,CDMARTC005,ART CAFFE  SAFARI CENTRE,NAIVASHA
2025-12-03,281797.6636260395,114087.58585703629,449507.74139504274,CDMARTC005,ART CAFFE  SAFARI CENTRE,NAIVASHA
2025-12-04,326468.2442196065,158758.16645060328,494178.32198860974,CDMARTC005,ART CAFFE  SAFARI CENTRE,NAIVASHA
2025-12-05,552209.7365744058,384499.6588054026,506400.0,CDMARTC005,ART CAFFE  SAFARI CENTRE,NAIVASHA
2025-12-06,238906.82337355334,71196.74560455012,406616.90114255657,CDMARTC005,ART CAFFE  SAFARI CENTRE,NAIVASHA
2025-10-01,0.0,0.0,395804.7145556185,CDMARTC006,ART CAFFE WESTLANDS SQUARE,WESTLANDS SQUARE
2025-10-02,0.0,0.0,431261.98309146555,CDMARTC006,ART CAFFE WESTLANDS SQUARE,WESTLANDS SQUARE
2025-10-03,15815.504698748628,0.0,494358.0917612075,CDMARTC006,ART CAFFE WESTLANDS SQUARE,WESTLANDS SQUARE
2025-10-28,703075.3695719419,224532.78250948305,1181617.9566344009,CDMARTC006,ART CAFFE WESTLANDS SQUARE,WESTLANDS SQUARE
2025-10-29,158442.40306102368,0.0,636984.9901234825,CDMARTC006,ART CAFFE WESTLANDS SQUARE,WESTLANDS SQUARE
2025-11-20,374785.1998162629,0.0,853327.7868787218,CDMARTC006,ART CAFFE WESTLANDS SQUARE,WESTLANDS SQUARE
2025-11-21,437881.3236561258,0.0,916423.9107185847,CDMARTC006,ART CAFFE WESTLANDS SQUARE,WESTLANDS SQUARE
2025-11-22,1265083.65937582,786541.0723133612,1192605.0,CDMARTC006,ART CAFFE WESTLANDS SQUARE,WESTLANDS SQUARE
2025-11-23,205887.59436064243,0.0,684430.1814231013,CDMARTC006,ART CAFFE WESTLANDS SQUARE,WESTLANDS SQUARE
2025-11-25,944256.053660752,465713.46659829316,1192605.0,CDMARTC006,ART CAFFE WESTLANDS SQUARE,WESTLANDS SQUARE
2025-11-26,399623.0871272564,0.0,878165.6741897152,CDMARTC006,ART CAFFE WESTLANDS SQUARE,WESTLANDS SQUARE
2025-11-27,435080.3707983723,0.0,913622.9578608312,CDMARTC006,ART CAFFE WESTLANDS SQUARE,WESTLANDS SQUARE
2025-11-28,498176.4946591511,19633.90759669227,976719.0817216099,CDMARTC006,ART CAFFE WESTLANDS SQUARE,WESTLANDS SQUARE
2025-11-29,1325378.8304559859,846836.243393527,1192605.0,CDMARTC006,ART CAFFE WESTLANDS SQUARE,WESTLANDS SQUARE
2025-11-30,266182.7654381712,0.0,744725.3525006301,CDMARTC006,ART CAFFE WESTLANDS SQUARE,WESTLANDS SQUARE
2025-12-01,413394.73834178667,0.0,891937.3254042455,CDMARTC006,ART CAFFE WESTLANDS SQUARE,WESTLANDS SQUARE
2025-12-02,1004551.224742613,526008.6376801542,1192605.0,CDMARTC006,ART CAFFE WESTLANDS SQUARE,WESTLANDS SQUARE
2025-12-03,459918.2582056903,0.0,938460.8452681492,CDMARTC006,ART CAFFE WESTLANDS SQUARE,WESTLANDS SQUARE
2025-12-04,495375.5418771297,16832.95481467084,973918.1289395886,CDMARTC006,ART CAFFE WESTLANDS SQUARE,WESTLANDS SQUARE
2025-12-05,558471.6657358796,79929.0786734207,1037014.2527983384,CDMARTC006,ART CAFFE WESTLANDS SQUARE,WESTLANDS SQUARE
2025-10-01,61390.73571993166,36592.75634060457,86188.71509925876,CDMARTC007,ART CAFFE NAROK CDM,RUBIS MARA JUNCTION
2025-10-02,62997.58205934288,38199.602680015785,87795.56143866997,CDMARTC007,ART CAFFE NAROK CDM,RUBIS MARA JUNCTION
2025-10-03,63756.42120607733,38958.44182675023,88554.40058540442,CDMARTC007,ART CAFFE NAROK CDM,RUBIS MARA JUNCTION
2025-10-28,29250.031819145544,4452.05243981845,54048.01119847264,CDMARTC007,ART CAFFE NAROK CDM,RUBIS MARA JUNCTION
2025-10-29,120023.91845629725,95225.93907697016,144821.89783562435,CDMARTC007,ART CAFFE NAROK CDM,RUBIS MARA JUNCTION
2025-11-20,208002.41724295984,183204.43786363275,232800.39662228693,CDMARTC007,ART CAFFE NAROK CDM,RUBIS MARA JUNCTION
2025-11-21,175293.5561724226,150495.5767930955,200091.5355517497,CDMARTC007,ART CAFFE NAROK CDM,RUBIS MARA JUNCTION
2025-11-23,5873849.860674931,5849051.881295604,2205016.6666666665,CDMARTC007,ART CAFFE NAROK CDM,RUBIS MARA JUNCTION
2025-11-26,20485.5174986067,0.0,45283.496877933794,CDMARTC007,ART CAFFE NAROK CDM,RUBIS MARA JUNCTION
2025-11-27,0.0,0.0,13422.644473629014,CDMARTC007,ART CAFFE NAROK CDM,RUBIS MARA JUNCTION
2025-11-28,0.0,0.0,0.0,CDMARTC007,ART CAFFE NAROK CDM,RUBIS MARA JUNCTION
2025-11-29,0.0,0.0,0.0,CDMARTC007,ART CAFFE NAROK CDM,RUBIS MARA JUNCTION
2025-11-30,5654472.1089299545,5629674.129550627,2205016.6666666665,CDMARTC007,ART CAFFE NAROK CDM,RUBIS MARA JUNCTION
2025-12-01,0.0,0.0,0.0,CDMARTC007,ART CAFFE NAROK CDM,RUBIS MARA JUNCTION
2025-12-02,0.0,0.0,0.0,CDMARTC007,ART CAFFE NAROK CDM,RUBIS MARA JUNCTION
2025-12-03,0.0,0.0,0.0,CDMARTC007,ART CAFFE NAROK CDM,RUBIS MARA JUNCTION
2025-12-04,0.0,0.0,0.0,CDMARTC007,ART CAFFE NAROK CDM,RUBIS MARA JUNCTION
2025-12-05,0.0,0.0,0.0,CDMARTC007,ART CAFFE NAROK CDM,RUBIS MARA JUNCTION
2025-12-06,0.0,0.0,0.0,CDMARTC007,ART CAFFE NAROK CDM,RUBIS MARA JUNCTION
2025-10-01,0.0,0.0,37196.02508536732,CDMARTC008,ART CAFFE ATHI RIVER,GREENPACK
2025-10-03,97414.27571505455,25648.79460865725,169179.75682145185,CDMARTC008,ART CAFFE ATHI RIVER,GREENPACK
2025-10-28,14295.36576414253,0.0,86060.84687053983,CDMARTC008,ART CAFFE ATHI RIVER,GREENPACK
2025-10-29,24941.89901623968,0.0,96707.38012263698,CDMARTC008,ART CAFFE ATHI RIVER,GREENPACK
2025-11-20,41298.20735119631,0.0,113063.68845759361,CDMARTC008,ART CAFFE ATHI RIVER,GREENPACK
2025-11-21,201559.1455009591,129793.6643945618,266437.5,CDMARTC008,ART CAFFE ATHI RIVER,GREENPACK
2025-11-23,284483.9116705217,212718.43056412443,266437.5,CDMARTC008,ART CAFFE ATHI RIVER,GREENPACK
2025-11-26,84453.25217649812,12687.771070100818,156218.7332828954,CDMARTC008,ART CAFFE ATHI RIVER,GREENPACK
2025-11-27,56176.045503861635,0.0,127941.52661025894,CDMARTC008,ART CAFFE ATHI RIVER,GREENPACK
2025-11-28,216436.98366980712,144671.5025634098,266437.5,CDMARTC008,ART CAFFE ATHI RIVER,GREENPACK
2025-11-29,111723.64572445057,39958.16461805327,183489.12683084788,CDMARTC008,ART CAFFE ATHI RIVER,GREENPACK
2025-11-30,299361.7498397321,227596.2687333348,266437.5,CDMARTC008,ART CAFFE ATHI RIVER,GREENPACK
2025-12-01,115974.45519043163,44208.97408403433,187739.93629682894,CDMARTC008,ART CAFFE ATHI RIVER,GREENPACK
2025-12-02,88684.55717809449,16919.076071697185,160450.0382844918,CDMARTC008,ART CAFFE ATHI RIVER,GREENPACK
2025-12-03,99331.0903456591,27565.6092392618,171096.5714520564,CDMARTC008,ART CAFFE ATHI RIVER,GREENPACK
2025-12-04,71053.88367323196,0.0,142819.36477962928,CDMARTC008,ART CAFFE ATHI RIVER,GREENPACK
2025-12-05,231314.82183875062,159549.34073235333,266437.5,CDMARTC008,ART CAFFE ATHI RIVER,GREENPACK
2025-12-06,126601.48389347206,54836.00278707476,198366.96499986935,CDMARTC008,ART CAFFE ATHI RIVER,GREENPACK
2025-10-02,51854.14363479984,0.0,108790.34566513005,CDMARTC009,ART CAFFE DENNIS PRITT,SHELL DENIS PRITT
2025-10-03,112475.84772595005,55539.64569561984,169412.04975628026,CDMARTC009,ART CAFFE DENNIS PRITT,SHELL DENIS PRITT
2025-10-28,0.0,0.0,28716.350374219866,CDMARTC009,ART CAFFE DENNIS PRITT,SHELL DENIS PRITT
2025-10-29,118376.16045365292,61439.95842332271,175312.36248398313,CDMARTC009,ART CAFFE DENNIS PRITT,SHELL DENIS PRITT
2025-11-20,394589.228164266,337653.0261339358,451525.4301945962,CDMARTC009,ART CAFFE DENNIS PRITT,SHELL DENIS PRITT
2025-11-21,455210.39204376214,398274.19001343194,470683.3333333333,CDMARTC009,ART CAFFE DENNIS PRITT,SHELL DENIS PRITT
2025-11-22,23622.76788670203,0.0,80558.96991703224,CDMARTC009,ART CAFFE DENNIS PRITT,SHELL DENIS PRITT
2025-11-24,116209.0350787382,59272.83304840799,173145.23710906843,CDMARTC009,ART CAFFE DENNIS PRITT,SHELL DENIS PRITT
2025-11-25,167620.74771395617,110684.54568362595,224556.94974428636,CDMARTC009,ART CAFFE DENNIS PRITT,SHELL DENIS PRITT
2025-11-26,314216.74664020236,257280.54460987216,371152.94867053255,CDMARTC009,ART CAFFE DENNIS PRITT,SHELL DENIS PRITT
2025-11-27,443549.3746738753,386613.1726435451,470683.3333333333,CDMARTC009,ART CAFFE DENNIS PRITT,SHELL DENIS PRITT
2025-11-28,504170.538546876,447234.3365165458,470683.3333333333,CDMARTC009,ART CAFFE DENNIS PRITT,SHELL DENIS PRITT
2025-11-29,72582.91438660579,15646.712356275573,129519.116416936,CDMARTC009,ART CAFFE DENNIS PRITT,SHELL DENIS PRITT
2025-11-30,502084.8197435222,445148.617713192,470683.3333333333,CDMARTC009,ART CAFFE DENNIS PRITT,SHELL DENIS PRITT
2025-12-01,165169.18157880226,108232.97954847205,222105.3836091325,CDMARTC009,ART CAFFE DENNIS PRITT,SHELL DENIS PRITT
2025-12-02,216580.89421260505,159644.69218227483,273517.0962429353,CDMARTC009,ART CAFFE DENNIS PRITT,SHELL DENIS PRITT
2025-12-03,363176.89314072736,306240.69111039717,420113.09517105756,CDMARTC009,ART CAFFE DENNIS PRITT,SHELL DENIS PRITT
2025-12-04,492509.52117472386,435573.31914439367,470683.3333333333,CDMARTC009,ART CAFFE DENNIS PRITT,SHELL DENIS PRITT
2025-12-05,553130.6850478902,496194.48301756,470683.3333333333,CDMARTC009,ART CAFFE DENNIS PRITT,SHELL DENIS PRITT
2025-10-02,345430.9934584033,0.0,1181428.8354692664,CDMFPW001,FURNITURE PALACE WESTLANDS,AVENUE 19
2025-10-28,853997.5741782235,17999.732167360256,1689995.4161890866,CDMFPW001,FURNITURE PALACE WESTLANDS,AVENUE 19
2025-10-29,2443531.4790508305,1607533.6370399673,3279529.3210616936,CDMFPW001,FURNITURE PALACE WESTLANDS,AVENUE 19
2025-11-21,5775830.142828388,4939832.300817525,3971133.333333333,CDMFPW001,FURNITURE PALACE WESTLANDS,AVENUE 19
2025-11-22,500010.45833862625,0.0,1336008.3003494896,CDMFPW001,FURNITURE PALACE WESTLANDS,AVENUE 19
2025-11-23,1378395.972577041,542398.1305661778,2214393.814587904,CDMFPW001,FURNITURE PALACE WESTLANDS,AVENUE 19
2025-11-24,517818.7947897329,0.0,1353816.636800596,CDMFPW001,FURNITURE PALACE WESTLANDS,AVENUE 19
2025-11-25,0.0,0.0,82760.3114730065,CDMFPW001,FURNITURE PALACE WESTLANDS,AVENUE 19
2025-11-26,836296.3766077082,298.53459684492555,1672294.2186185713,CDMFPW001,FURNITURE PALACE WESTLANDS,AVENUE 19
2025-11-27,0.0,0.0,0.0,CDMFPW001,FURNITURE PALACE WESTLANDS,AVENUE 19
2025-11-28,5374021.367697841,4538023.525686977,3971133.333333333,CDMFPW001,FURNITURE PALACE WESTLANDS,AVENUE 19
2025-11-29,98201.68933723005,0.0,934199.5313480933,CDMFPW001,FURNITURE PALACE WESTLANDS,AVENUE 19
2025-11-30,976587.207649461,140589.36563859775,1812585.0496603241,CDMFPW001,FURNITURE PALACE WESTLANDS,AVENUE 19
2025-12-01,116010.03301655297,0.0,952007.8750274163,CDMFPW001,FURNITURE PALACE WESTLANDS,AVENUE 19
2025-12-02,0.0,0.0,0.0,CDMFPW001,FURNITURE PALACE WESTLANDS,AVENUE 19
2025-12-03,434487.6148313297,0.0,1270485.456842193,CDMFPW001,FURNITURE PALACE WESTLANDS,AVENUE 19
2025-12-04,0.0,0.0,0.0,CDMFPW001,FURNITURE PALACE WESTLANDS,AVENUE 19
2025-12-05,4972212.605912381,4136214.7639015177,3971133.333333333,CDMFPW001,FURNITURE PALACE WESTLANDS,AVENUE 19
2025-12-06,0.0,0.0,532390.7695583303,CDMFPW001,FURNITURE PALACE WESTLANDS,AVENUE 19
2025-10-01,0.0,0.0,1039093.9794760178,CDMGAG001,GASANDGO  MOMBASA ROAD,MOMBASA ROAD
2025-10-02,2049359.5629664334,799159.25569023,3299559.8702426367,CDMGAG001,GASANDGO  MOMBASA ROAD,MOMBASA ROAD
2025-10-03,1767353.7492269552,517153.44195075193,3017554.0565031585,CDMGAG001,GASANDGO  MOMBASA ROAD,MOMBASA ROAD
2025-10-28,555616.7937513362,0.0,1805817.1010275395,CDMGAG001,GASANDGO  MOMBASA ROAD,MOMBASA ROAD
2025-10-29,736599.6618970754,0.0,1986799.9691732787,CDMGAG001,GASANDGO  MOMBASA ROAD,MOMBASA ROAD
2025-11-20,3707845.0450232364,2457644.737747033,3977045.454545454,CDMGAG001,GASANDGO  MOMBASA ROAD,MOMBASA ROAD
2025-11-21,3425839.2313318662,2175638.924055663,3977045.454545454,CDMGAG001,GASANDGO  MOMBASA ROAD,MOMBASA ROAD
2025-11-22,259563.19835071336,0.0,1509763.5056269167,CDMGAG001,GASANDGO  MOMBASA ROAD,MOMBASA ROAD
2025-11-23,460722.9590083957,0.0,1710923.266284599,CDMGAG001,GASANDGO  MOMBASA ROAD,MOMBASA ROAD
2025-11-24,156963.6217175615,0.0,1407163.9289937648,CDMGAG001,GASANDGO  MOMBASA ROAD,MOMBASA ROAD
2025-11-26,1684305.6518101583,434105.344533955,2934505.9590863613,CDMGAG001,GASANDGO  MOMBASA ROAD,MOMBASA ROAD
2025-11-27,3944771.5426306482,2694571.235354445,3977045.454545454,CDMGAG001,GASANDGO  MOMBASA ROAD,MOMBASA ROAD
2025-11-28,3662765.728946002,2412565.421669799,3977045.454545454,CDMGAG001,GASANDGO  MOMBASA ROAD,MOMBASA ROAD
2025-11-29,496489.69600323355,0.0,1746690.0032794368,CDMGAG001,GASANDGO  MOMBASA ROAD,MOMBASA ROAD
2025-11-30,697649.4566536711,0.0,1947849.7639298744,CDMGAG001,GASANDGO  MOMBASA ROAD,MOMBASA ROAD
2025-12-01,393890.11936410493,0.0,1644090.4266403082,CDMGAG001,GASANDGO  MOMBASA ROAD,MOMBASA ROAD
2025-12-02,1740249.2812911095,490048.9740149062,2990449.588567313,CDMGAG001,GASANDGO  MOMBASA ROAD,MOMBASA ROAD
2025-12-03,1921232.1494582738,671031.8421820705,3171432.456734477,CDMGAG001,GASANDGO  MOMBASA ROAD,MOMBASA ROAD
2025-12-04,4181698.040280783,2931497.73300458,3977045.454545454,CDMGAG001,GASANDGO  MOMBASA ROAD,MOMBASA ROAD
2025-12-05,3899692.2265998777,2649491.9193236744,3977045.454545454,CDMGAG001,GASANDGO  MOMBASA ROAD,MOMBASA ROAD
2025-12-06,733416.1936498622,0.0,1983616.5009260655,CDMGAG001,GASANDGO  MOMBASA ROAD,MOMBASA ROAD
2025-10-01,785000.1160580893,785000.0372169609,785000.1948992177,CDMKGL0001,KHETIA GARMENTS LTD - ELD,ELDORET
2025-10-02,870000.022392049,869999.9435509206,870000.1012331774,CDMKGL0001,KHETIA GARMENTS LTD - ELD,ELDORET
2025-10-28,860000.095590763,860000.0167496346,860000.1744318914,CDMKGL0001,KHETIA GARMENTS LTD - ELD,ELDORET
2025-10-29,667000.1275736236,667000.0487324952,667000.2064147519,CDMKGL0001,KHETIA GARMENTS LTD - ELD,ELDORET
2025-11-20,1230000.0312961908,1229999.9524550624,1230000.1101373192,CDMKGL0001,KHETIA GARMENTS LTD - ELD,ELDORET
2025-11-21,2748000.019194632,2747999.9403535035,2748000.09803576,CDMKGL0001,KHETIA GARMENTS LTD - ELD,ELDORET
2025-11-22,745150.0403118704,745149.961470742,745150.1191529988,CDMKGL0001,KHETIA GARMENTS LTD - ELD,ELDORET
2025-11-23,9259049.956518786,9259049.877677659,5871400.0,CDMKGL0001,KHETIA GARMENTS LTD - ELD,ELDORET
2025-11-24,450000.00976185733,449999.930920729,450000.08860298566,CDMKGL0001,KHETIA GARMENTS LTD - ELD,ELDORET
2025-11-25,1413732.7236404708,1413732.6447993424,1413732.8024815992,CDMKGL0001,KHETIA GARMENTS LTD - ELD,ELDORET
2025-11-26,1212921.5283348323,1212921.449493704,1212921.6071759607,CDMKGL0001,KHETIA GARMENTS LTD - ELD,ELDORET
2025-11-27,1330644.43224147,1330644.3534003417,1330644.5110825985,CDMKGL0001,KHETIA GARMENTS LTD - ELD,ELDORET
2025-11-28,2850133.577479367,2850133.4986382388,2850133.6563204955,CDMKGL0001,KHETIA GARMENTS LTD - ELD,ELDORET
2025-11-29,847348.4807538697,847348.4019127414,847348.5595949981,CDMKGL0001,KHETIA GARMENTS LTD - ELD,ELDORET
2025-11-30,9361248.39697849,9361248.318137363,5871400.0,CDMKGL0001,KHETIA GARMENTS LTD - ELD,ELDORET
2025-12-01,552198.4502191083,552198.3713779799,552198.5290602366,CDMKGL0001,KHETIA GARMENTS LTD - ELD,ELDORET
2025-12-02,1515931.1640770074,1515931.085235879,1515931.2429181358,CDMKGL0001,KHETIA GARMENTS LTD - ELD,ELDORET
2025-12-03,1315119.9687999634,1315119.889958835,1315120.0476410917,CDMKGL0001,KHETIA GARMENTS LTD - ELD,ELDORET
2025-12-04,1432842.8727146399,1432842.7938735115,1432842.9515557683,CDMKGL0001,KHETIA GARMENTS LTD - ELD,ELDORET
2025-10-28,391000.0076256329,390999.9929171516,391000.02233411424,CDMMEL0001,MAHITAJI ENTERPRISES LTD - CDM,BABA DOGO
2025-11-20,2847500.0103580467,2847499.9956495655,2847500.025066528,CDMMEL0001,MAHITAJI ENTERPRISES LTD - CDM,BABA DOGO
2025-11-21,705749.9891588737,705749.9744503924,705750.003867355,CDMMEL0001,MAHITAJI ENTERPRISES LTD - CDM,BABA DOGO
2025-11-22,972150.0026762536,972149.9879677723,972150.0173847348,CDMMEL0001,MAHITAJI ENTERPRISES LTD - CDM,BABA DOGO
2025-11-23,836050.018837801,836050.0041293197,836050.0335462822,CDMMEL0001,MAHITAJI ENTERPRISES LTD - CDM,BABA DOGO
2025-11-24,0.0,0.0,0.0,CDMMEL0001,MAHITAJI ENTERPRISES LTD - CDM,BABA DOGO
2025-11-25,1299260.4632422568,1299260.4485337755,1299260.477950738,CDMMEL0001,MAHITAJI ENTERPRISES LTD - CDM,BABA DOGO
2025-11-26,2707316.1923453137,2707316.1776368325,2707316.207053795,CDMMEL0001,MAHITAJI ENTERPRISES LTD - CDM,BABA DOGO
2025-11-27,3054169.744076388,3054169.7293679067,3054169.758784869,CDMMEL0001,MAHITAJI ENTERPRISES LTD - CDM,BABA DOGO
2025-11-28,908340.6270637752,908340.6123552939,908340.6417722565,CDMMEL0001,MAHITAJI ENTERPRISES LTD - CDM,BABA DOGO
2025-11-29,1174740.6922350999,1174740.6775266186,1174740.706943581,CDMMEL0001,MAHITAJI ENTERPRISES LTD - CDM,BABA DOGO
2025-11-30,1038640.7083950643,1038640.6936865831,1038640.7231035456,CDMMEL0001,MAHITAJI ENTERPRISES LTD - CDM,BABA DOGO
2025-12-01,0.0,0.0,0.0,CDMMEL0001,MAHITAJI ENTERPRISES LTD - CDM,BABA DOGO
2025-12-02,1501851.152805774,1501851.1380972927,1501851.1675142553,CDMMEL0001,MAHITAJI ENTERPRISES LTD - CDM,BABA DOGO
2025-12-03,2909906.8819073113,2909906.86719883,2909906.8966157925,CDMMEL0001,MAHITAJI ENTERPRISES LTD - CDM,BABA DOGO
2025-11-22,422950.0120321221,422949.9997760541,422950.0242881901,CDMNAW002,ADITYA WHOLESELLERS-BUSIA,BUSIA
2025-11-23,415700.01611998066,415700.00386391266,415700.02837604866,CDMNAW002,ADITYA WHOLESELLERS-BUSIA,BUSIA
2025-11-24,199949.99710874562,199949.98485267762,199950.00936481362,CDMNAW002,ADITYA WHOLESELLERS-BUSIA,BUSIA
2025-11-25,806983.7893970783,806983.7771410104,806983.8016531463,CDMNAW002,ADITYA WHOLESELLERS-BUSIA,BUSIA
2025-11-26,4639460.333563903,4639460.321307835,1038600.0,CDMNAW002,ADITYA WHOLESELLERS-BUSIA,BUSIA
2025-11-27,2978413.5460961256,2978413.5338400574,1038600.0,CDMNAW002,ADITYA WHOLESELLERS-BUSIA,BUSIA
2025-11-28,2808047.3971277624,2808047.3848716943,1038600.0,CDMNAW002,ADITYA WHOLESELLERS-BUSIA,BUSIA
2025-11-29,4360338.723188803,4360338.710932734,1038600.0,CDMNAW002,ADITYA WHOLESELLERS-BUSIA,BUSIA
2025-11-30,4353088.726565952,4353088.714309884,1038600.0,CDMNAW002,ADITYA WHOLESELLERS-BUSIA,BUSIA
2025-12-01,4137338.707553003,4137338.695296935,1038600.0,CDMNAW002,ADITYA WHOLESELLERS-BUSIA,BUSIA
2025-12-02,4744372.499842633,4744372.487586564,1038600.0,CDMNAW002,ADITYA WHOLESELLERS-BUSIA,BUSIA
2025-12-03,8576849.044008195,8576849.031752128,1038600.0,CDMNAW002,ADITYA WHOLESELLERS-BUSIA,BUSIA
2025-12-04,6915802.256536197,6915802.244280129,1038600.0,CDMNAW002,ADITYA WHOLESELLERS-BUSIA,BUSIA
2025-10-01,0.0,0.0,784568.830758091,CDMOTWL0001,ON THE WAY LTD-PARKLANDS,PARKLANDS
2025-10-02,1608727.162469978,687045.6065915774,2530408.7183483783,CDMOTWL0001,ON THE WAY LTD-PARKLANDS,PARKLANDS
2025-10-03,1092661.9401322692,170980.3842538686,2014343.4960106697,CDMOTWL0001,ON THE WAY LTD-PARKLANDS,PARKLANDS
2025-10-28,688139.3202771299,0.0,1609820.8761555306,CDMOTWL0001,ON THE WAY LTD-PARKLANDS,PARKLANDS
2025-10-29,497441.7726986598,0.0,1419123.3285770603,CDMOTWL0001,ON THE WAY LTD-PARKLANDS,PARKLANDS
2025-11-20,2719197.5337403296,1797515.977861929,3142905.0,CDMOTWL0001,ON THE WAY LTD-PARKLANDS,PARKLANDS
2025-11-21,2203132.3113740636,1281450.755495663,3124813.8672524644,CDMOTWL0001,ON THE WAY LTD-PARKLANDS,PARKLANDS
2025-11-22,478860.51886107284,0.0,1400542.0747394734,CDMOTWL0001,ON THE WAY LTD-PARKLANDS,PARKLANDS
2025-11-24,204322.5733842228,0.0,1126004.1292626234,CDMOTWL0001,ON THE WAY LTD-PARKLANDS,PARKLANDS
2025-11-26,1131996.2704042722,210314.71452587168,2053677.8262826728,CDMOTWL0001,ON THE WAY LTD-PARKLANDS,PARKLANDS
2025-11-27,2877836.1579043167,1956154.602025916,3142905.0,CDMOTWL0001,ON THE WAY LTD-PARKLANDS,PARKLANDS
2025-11-28,2361770.9355071457,1440089.3796287451,3142905.0,CDMOTWL0001,ON THE WAY LTD-PARKLANDS,PARKLANDS
2025-11-29,637499.142980643,0.0,1559180.6988590434,CDMOTWL0001,ON THE WAY LTD-PARKLANDS,PARKLANDS
2025-11-30,1252151.2360973815,330469.6802189809,2173832.7919757823,CDMOTWL0001,ON THE WAY LTD-PARKLANDS,PARKLANDS
2025-12-01,362961.1975014049,0.0,1284642.7533798055,CDMOTWL0001,ON THE WAY LTD-PARKLANDS,PARKLANDS
2025-12-02,1481332.4421628134,559650.8862844128,2403013.998041214,CDMOTWL0001,ON THE WAY LTD-PARKLANDS,PARKLANDS
2025-12-03,1290634.8945232155,368953.3386448149,2212316.4504016163,CDMOTWL0001,ON THE WAY LTD-PARKLANDS,PARKLANDS
2025-12-04,3036474.7820252124,2114793.2261468116,3142905.0,CDMOTWL0001,ON THE WAY LTD-PARKLANDS,PARKLANDS
2025-12-05,2520409.5596296564,1598728.0037512558,3142905.0,CDMOTWL0001,ON THE WAY LTD-PARKLANDS,PARKLANDS
2025-12-06,796137.7671000188,0.0,1717819.3229784193,CDMOTWL0001,ON THE WAY LTD-PARKLANDS,PARKLANDS
2025-11-22,819500.0467053778,819500.0302524598,819500.0631582957,CDMSHSM0001,SHIVLING SUPERMARKET LTD,MALABA
2025-11-24,291950.0626990694,291950.0462461514,291950.0791519874,CDMSHSM0001,SHIVLING SUPERMARKET LTD,MALABA
2025-11-25,25300.036006010254,25300.019553092254,25300.052458928254,CDMSHSM0001,SHIVLING SUPERMARKET LTD,MALABA
2025-11-26,0.0,0.0,0.0,CDMSHSM0001,SHIVLING SUPERMARKET LTD,MALABA
2025-11-27,4806468.4493388105,4806468.432885893,1136750.0,CDMSHSM0001,SHIVLING SUPERMARKET LTD,MALABA
2025-11-28,9305209.0573568,9305209.040903883,1136750.0,CDMSHSM0001,SHIVLING SUPERMARKET LTD,MALABA
2025-11-29,9181236.80163236,9181236.785179442,1136750.0,CDMSHSM0001,SHIVLING SUPERMARKET LTD,MALABA
2025-11-30,6530349.403497484,6530349.387044566,1136750.0,CDMSHSM0001,SHIVLING SUPERMARKET LTD,MALABA
2025-12-01,8653686.818016574,8653686.801563656,1136750.0,CDMSHSM0001,SHIVLING SUPERMARKET LTD,MALABA
2025-12-02,8387036.791332654,8387036.774879736,1136750.0,CDMSHSM0001,SHIVLING SUPERMARKET LTD,MALABA
2025-12-03,982132.0995367635,982132.0830838456,982132.1159896814,CDMSHSM0001,SHIVLING SUPERMARKET LTD,MALABA
2025-12-04,13168205.20466998,13168205.188217063,1136750.0,CDMSHSM0001,SHIVLING SUPERMARKET LTD,MALABA
2025-12-05,17666945.812675558,17666945.79622264,1136750.0,CDMSHSM0001,SHIVLING SUPERMARKET LTD,MALABA
2025-11-21,57649.981962257996,57649.896025706665,57650.06789880933,NCBA0001,NCBA BANK,"Nairobi, Kenya"
2025-11-22,345749.91247963975,345749.8265430884,345749.9984161911,NCBA0001,NCBA BANK,"Nairobi, Kenya"
2025-11-23,257550.0739920882,257549.98805553687,257550.15992863954,NCBA0001,NCBA BANK,"Nairobi, Kenya"
2025-11-26,1321199.9907352119,1321199.9047986604,1321200.0766717633,NCBA0001,NCBA BANK,"Nairobi, Kenya"
2025-11-27,0.0,0.0,0.0,NCBA0001,NCBA BANK,"Nairobi, Kenya"
2025-11-28,0.0,0.0,0.0,NCBA0001,NCBA BANK,"Nairobi, Kenya"
2025-11-29,0.0,0.0,0.0,NCBA0001,NCBA BANK,"Nairobi, Kenya"
2025-11-30,0.0,0.0,0.0,NCBA0001,NCBA BANK,"Nairobi, Kenya"
2025-12-01,0.0,0.0,0.0,NCBA0001,NCBA BANK,"Nairobi, Kenya"
2025-12-02,248517.06774968188,248516.98181313055,248517.1536862332,NCBA0001,NCBA BANK,"Nairobi, Kenya"
2025-12-03,0.0,0.0,0.0,NCBA0001,NCBA BANK,"Nairobi, Kenya"
2025-12-04,0.0,0.0,0.0,NCBA0001,NCBA BANK,"Nairobi, Kenya"
2025-12-05,0.0,0.0,0.0,NCBA0001,NCBA BANK,"Nairobi, Kenya"
2025-12-06,0.0,0.0,0.0,NCBA0001,NCBA BANK,"Nairobi, Kenya"
